linhas,dias,estacoes,temp_na,ur_na,temp_outliers,ur_outliers
123058,5844,26,0.03148921646703181,0.055624177217247155,0,0
